County,COUNTY,GR1,GR2,GR3,GR4,GR5,GR6,GR7,GR8,GR9,GR10,GR11,GR12,DOUBLED UP,HOTEL_MOTEL,0HELTERED,UN0HELTERED,Year
ALBANY ,ALBANY ,79,73,60,59,54,45,45,58,73,55,32,33,194,0,526,0,2009
ALLEGANY ,ALLEGANY ,8,7,8,6,0,5,0,7,0,5,6,5,62,0,6,0,2009
BRONX ,BRONX ,2661,2526,2163,1882,1846,1667,1564,1479,1600,1006,572,416,5656,32,15495,1763,2009
BROOME ,BROOME ,37,23,22,17,14,19,17,15,21,26,32,55,237,38,44,6,2009
CATTARAUGUS ,CATTARAUGUS ,6,5,8,0,0,5,0,5,7,6,6,5,56,0,6,5,2009
CAYUGA ,CAYUGA ,10,14,13,11,5,10,11,7,13,13,10,6,119,13,13,0,2009
CHAUTAUQUA ,CHAUTAUQUA ,32,16,22,17,16,11,14,11,20,11,11,16,166,0,53,0,2009
CHEMUNG ,CHEMUNG ,0,0,0,0,0,0,0,0,0,0,0,0,24,0,0,0,2009
CHENANGO ,CHENANGO ,6,5,0,6,0,5,0,0,6,6,10,6,38,0,25,0,2009
CLINTON ,CLINTON ,0,0,0,5,0,0,7,8,0,9,0,0,31,0,17,0,2009
COLUMBIA ,COLUMBIA ,12,13,10,7,11,11,7,10,17,18,17,21,91,34,48,0,2009
CORTLAND ,CORTLAND ,12,0,5,5,0,0,5,6,0,0,5,0,40,14,0,0,2009
DELAWARE ,DELAWARE ,5,0,5,0,5,0,0,0,0,5,6,9,59,0,5,0,2009
DUTCHESS ,DUTCHESS ,40,38,40,31,20,30,21,31,29,19,25,23,158,0,176,0,2009
ERIE ,ERIE ,111,115,102,88,76,95,59,60,74,51,60,68,882,0,242,0,2009
ESSEX ,ESSEX ,0,0,0,0,0,0,0,0,0,0,0,0,0,0,0,0,2009
FRANKLIN ,FRANKLIN ,0,0,5,0,7,0,0,0,0,0,0,0,24,0,21,0,2009
FULTON ,FULTON ,11,10,7,7,9,8,8,0,6,0,0,5,71,11,10,0,2009
GENESEE ,GENESEE ,5,7,0,5,0,0,5,0,0,0,0,0,42,5,0,0,2009
GREENE ,GREENE ,20,10,9,5,16,12,11,10,11,13,14,15,111,32,0,0,2009
HAMILTON ,HAMILTON ,0,0,0,0,0,0,0,0,0,0,0,0,0,0,0,0,2009
HERKIMER ,HERKIMER ,0,6,10,6,8,11,5,7,5,11,0,7,59,7,28,0,2009
JEFFERSON ,JEFFERSON ,14,15,13,7,10,9,5,6,5,5,6,8,91,18,13,0,2009
KINGS ,KINGS ,2175,2195,1797,1646,1577,1410,1388,1306,1607,1188,643,471,5582,39,13086,1744,2009
LEWIS ,LEWIS ,0,0,0,0,0,0,0,0,0,0,0,0,21,0,0,0,2009
LIVINGSTON ,LIVINGSTON ,7,6,9,0,5,8,7,0,9,0,8,13,71,10,0,0,2009
MADISON ,MADISON ,7,0,10,0,5,7,7,0,0,0,7,13,63,0,12,0,2009
MONROE ,MONROE ,114,117,106,95,103,79,76,94,128,101,84,91,766,52,463,37,2009
MONTGOMERY ,MONTGOMERY ,7,6,13,9,5,0,0,0,6,8,7,9,52,7,30,0,2009
NASSAU ,NASSAU ,98,94,109,111,87,77,89,79,141,115,91,94,865,0,311,0,2009
NEW YORK ,NEW YORK ,1271,1265,1046,946,838,812,770,714,1010,772,464,368,4899,31,6473,862,2009
NIAGARA ,NIAGARA ,31,27,24,29,18,15,17,16,18,16,18,27,229,9,50,0,2009
ONEIDA ,ONEIDA ,21,11,13,15,15,0,5,8,15,11,13,19,123,0,38,0,2009
ONONDAGA ,ONONDAGA ,94,71,77,66,53,70,58,74,119,91,93,87,731,67,241,0,2009
ONTARIO ,ONTARIO ,18,31,23,29,20,10,23,7,29,18,14,27,188,39,32,22,2009
ORANGE ,ORANGE ,104,111,135,111,121,109,96,91,122,114,87,98,1161,172,0,0,2009
ORLEANS ,ORLEANS ,7,5,7,0,8,6,0,7,0,9,5,8,56,0,10,0,2009
OSWEGO ,OSWEGO ,52,50,47,39,30,25,26,43,58,57,56,72,525,8,80,8,2009
OTSEGO ,OTSEGO ,5,7,6,5,0,7,0,0,0,0,5,6,39,15,0,0,2009
PUTNAM ,PUTNAM ,22,14,16,13,16,12,9,6,11,10,8,14,92,7,60,0,2009
QUEENS ,QUEENS ,992,924,753,774,740,616,588,580,799,576,328,231,3746,34,5003,655,2009
RENSSELAER ,RENSSELAER ,46,39,43,30,40,34,34,39,26,45,31,52,333,91,71,13,2009
RICHMOND ,RICHMOND ,179,168,140,120,108,143,127,121,207,124,79,40,504,8,1198,121,2009
ROCKLAND ,ROCKLAND ,35,32,25,26,24,24,28,20,48,21,13,14,279,21,42,0,2009
SARATOGA ,SARATOGA ,44,43,41,50,34,41,40,36,60,52,46,57,431,88,0,0,2009
SCHENECTADY ,SCHENECTADY ,13,8,10,17,9,5,12,11,6,8,0,8,63,27,32,0,2009
SCHOHARIE ,SCHOHARIE ,0,0,0,0,0,7,0,0,10,0,0,0,28,7,13,0,2009
SCHUYLER ,SCHUYLER ,0,5,0,0,0,0,0,0,0,0,0,0,20,0,10,0,2009
SENECA ,SENECA ,0,5,5,0,0,0,6,5,10,5,7,14,50,0,16,0,2009
ST. LAWRENCE ,ST. LAWRENCE ,25,13,16,7,10,10,17,10,13,10,8,28,166,0,19,0,2009
STEUBEN ,STEUBEN ,12,7,7,8,10,8,9,10,7,12,12,13,104,15,0,0,2009
SUFFOLK ,SUFFOLK ,257,246,262,225,228,209,191,186,224,293,256,292,1842,0,1209,0,2009
SULLIVAN ,SULLIVAN ,30,37,44,29,35,31,30,23,22,27,27,27,213,113,87,0,2009
TIOGA ,TIOGA ,6,5,7,8,0,5,0,5,9,0,0,5,39,11,18,0,2009
TOMPKINS ,TOMPKINS ,8,15,13,8,0,7,10,7,10,9,8,7,59,0,54,0,2009
ULSTER ,ULSTER ,54,42,34,34,37,21,35,30,60,30,38,37,195,0,184,0,2009
WARREN ,WARREN ,5,5,0,8,7,0,0,5,0,5,0,0,33,22,8,0,2009
WASHINGTON ,WASHINGTON ,9,6,10,9,0,10,8,7,14,8,5,8,91,12,9,0,2009
WAYNE ,WAYNE ,7,12,11,7,7,7,7,7,9,21,22,20,115,0,29,0,2009
WESTCHESTER ,WESTCHESTER ,157,170,139,148,137,137,118,119,192,109,93,95,1157,0,674,0,2009
WYOMING ,WYOMING ,8,8,0,0,0,0,5,0,0,0,5,5,48,0,6,0,2009
YATES ,YATES ,6,5,5,0,0,0,0,0,0,0,0,7,35,0,0,0,2009
ALBANY ,ALBANY ,96,65,91,74,74,62,61,85,87,59,60,35,400,50,482,0,2011
ALLEGANY ,ALLEGANY ,9,8,6,0,0,9,0,6,0,5,6,10,63,6,11,0,2011
BRONX ,BRONX ,2605,2304,2162,1995,1815,1771,1624,1528,1717,1225,722,578,11400,38,10250,2814,2011
BROOME ,BROOME ,97,103,94,93,117,71,82,98,70,60,78,94,932,46,212,5,2011
CATTARAUGUS ,CATTARAUGUS ,9,6,9,6,7,5,8,6,5,7,7,17,72,8,25,0,2011
CAYUGA ,CAYUGA ,19,13,21,13,17,18,13,15,12,6,11,15,134,45,21,0,2011
CHAUTAUQUA ,CHAUTAUQUA ,30,33,19,25,26,13,18,14,19,27,23,26,228,0,59,0,2011
CHEMUNG ,CHEMUNG ,13,16,11,6,9,6,0,0,0,0,0,0,71,9,0,0,2011
CHENANGO ,CHENANGO ,6,7,11,6,8,7,7,5,9,0,6,6,78,5,10,0,2011
CLINTON ,CLINTON ,15,8,7,5,0,5,7,12,0,7,9,14,60,31,25,0,2011
COLUMBIA ,COLUMBIA ,17,23,24,13,11,16,13,11,20,17,14,24,144,39,46,9,2011
CORTLAND ,CORTLAND ,5,6,0,6,0,6,0,0,0,0,0,0,34,15,0,0,2011
DELAWARE ,DELAWARE ,15,16,12,13,16,20,10,14,11,17,19,10,159,0,32,0,2011
DUTCHESS ,DUTCHESS ,39,51,37,40,44,26,29,28,37,46,41,31,239,0,222,0,2011
ERIE ,ERIE ,153,131,108,117,111,83,95,108,96,99,102,101,1255,0,277,0,2011
ESSEX ,ESSEX ,0,0,0,0,0,0,0,0,0,0,0,0,17,0,6,0,2011
FRANKLIN ,FRANKLIN ,18,12,10,7,0,9,7,8,6,0,6,10,81,0,22,0,2011
FULTON ,FULTON ,12,20,14,22,10,13,15,12,17,9,8,11,156,15,13,0,2011
GENESEE ,GENESEE ,5,5,5,5,5,9,0,0,5,5,0,6,38,20,12,0,2011
GREENE ,GREENE ,18,11,15,18,12,7,19,14,10,5,12,14,107,43,0,0,2011
HAMILTON ,HAMILTON ,0,0,0,0,0,0,0,0,0,0,0,0,0,0,0,0,2011
HERKIMER ,HERKIMER ,0,0,0,0,5,0,6,5,6,0,0,0,36,0,10,0,2011
JEFFERSON ,JEFFERSON ,29,18,20,20,18,13,20,8,20,13,9,10,169,0,31,0,2011
KINGS ,KINGS ,1968,1775,1726,1562,1458,1434,1365,1233,1577,1454,949,809,10080,59,8555,2520,2011
LEWIS ,LEWIS ,0,0,6,5,0,5,0,0,0,0,0,7,43,0,13,0,2011
LIVINGSTON ,LIVINGSTON ,15,14,10,13,6,10,0,7,6,7,0,12,97,19,6,0,2011
MADISON ,MADISON ,6,8,7,5,7,5,11,0,7,5,7,19,85,0,16,0,2011
MONROE ,MONROE ,214,203,180,173,180,164,168,144,192,180,123,127,1783,73,555,11,2011
MONTGOMERY ,MONTGOMERY ,29,15,20,21,15,12,9,0,13,13,10,11,187,7,19,0,2011
NASSAU ,NASSAU ,95,86,97,91,121,117,89,106,130,110,118,133,954,119,372,5,2011
NEW YORK ,NEW YORK ,1119,1022,985,919,889,825,772,808,1235,914,549,432,7257,41,4356,1439,2011
NIAGARA ,NIAGARA ,18,11,8,11,14,11,17,13,21,13,13,18,145,12,30,0,2011
ONEIDA ,ONEIDA ,20,17,13,13,18,9,19,8,6,9,11,15,119,15,48,0,2011
ONONDAGA ,ONONDAGA ,83,92,77,111,70,73,84,103,119,95,89,154,1019,78,193,7,2011
ONTARIO ,ONTARIO ,25,25,33,31,30,31,27,25,24,16,25,26,259,31,43,23,2011
ORANGE ,ORANGE ,109,96,109,109,96,98,82,97,114,69,91,88,850,0,242,0,2011
ORLEANS ,ORLEANS ,0,5,5,0,0,5,0,0,6,5,6,11,46,0,18,0,2011
OSWEGO ,OSWEGO ,59,50,46,57,57,39,40,37,52,61,74,87,640,30,55,13,2011
OTSEGO ,OTSEGO ,7,6,5,0,0,8,7,6,0,6,5,12,46,0,21,0,2011
PUTNAM ,PUTNAM ,19,17,19,15,14,13,15,10,12,5,10,6,124,8,47,0,2011
QUEENS ,QUEENS ,946,841,788,782,680,731,621,580,852,624,464,425,6591,42,2685,1189,2011
RENSSELAER ,RENSSELAER ,43,35,40,51,39,34,32,36,35,28,24,39,378,0,74,0,2011
RICHMOND ,RICHMOND ,176,144,126,126,107,134,111,128,203,156,100,74,1111,5,538,315,2011
ROCKLAND ,ROCKLAND ,51,35,41,33,43,36,45,33,81,44,28,18,476,10,50,0,2011
SARATOGA ,SARATOGA ,45,51,39,28,24,24,24,28,41,26,22,37,292,126,0,0,2011
SCHENECTADY ,SCHENECTADY ,32,23,27,16,24,26,12,18,26,15,9,12,132,67,68,6,2011
SCHOHARIE ,SCHOHARIE ,6,16,21,14,26,14,10,17,21,17,13,12,108,18,78,0,2011
SCHUYLER ,SCHUYLER ,5,5,0,0,0,0,0,0,0,0,0,0,21,8,0,0,2011
SENECA ,SENECA ,8,5,5,10,10,9,9,6,15,10,14,10,85,25,0,0,2011
ST. LAWRENCE ,ST. LAWRENCE ,50,32,44,46,32,31,30,25,21,26,38,49,457,0,57,0,2011
STEUBEN ,STEUBEN ,18,16,14,14,9,9,12,13,7,12,7,10,134,22,0,0,2011
SUFFOLK ,SUFFOLK ,307,312,294,266,298,276,271,249,296,290,274,379,2328,347,1301,5,2011
SULLIVAN ,SULLIVAN ,64,51,40,40,45,25,50,33,43,34,31,41,409,141,70,0,2011
TIOGA ,TIOGA ,24,37,39,18,33,29,34,30,36,30,33,19,294,18,102,0,2011
TOMPKINS ,TOMPKINS ,8,11,9,7,10,5,10,9,12,9,8,20,101,0,29,0,2011
ULSTER ,ULSTER ,42,35,35,34,36,37,35,32,51,55,42,51,263,106,169,5,2011
WARREN ,WARREN ,22,16,8,13,13,7,9,6,10,12,12,22,93,49,29,8,2011
WASHINGTON ,WASHINGTON ,19,12,14,0,11,17,8,10,14,15,16,27,157,24,0,0,2011
WAYNE ,WAYNE ,16,21,21,11,21,18,21,10,19,16,17,30,197,0,40,0,2011
WESTCHESTER ,WESTCHESTER ,198,185,206,184,164,164,152,166,165,153,119,118,1463,0,818,0,2011
WYOMING ,WYOMING ,10,0,9,6,0,0,0,0,0,0,5,11,59,0,13,0,2011
YATES ,YATES ,5,10,8,0,8,5,6,0,0,0,0,0,48,10,8,0,2011
ALBANY ,ALBANY ,68,81,58,71,49,58,49,58,62,54,41,25,428,0,303,0,2012
ALLEGANY ,ALLEGANY ,7,14,12,10,0,6,7,6,6,0,0,8,96,0,9,0,2012
BRONX ,BRONX ,3146,2795,2402,2222,2107,2073,1796,1766,1749,1214,793,643,14168,39,11333,2459,2012
BROOME ,BROOME ,52,52,49,48,38,44,39,52,50,41,44,66,450,30,163,7,2012
CATTARAUGUS ,CATTARAUGUS ,9,9,12,13,14,10,11,12,11,12,14,16,125,7,31,0,2012
CAYUGA ,CAYUGA ,17,20,11,11,11,10,6,10,9,10,0,11,103,25,21,0,2012
CHAUTAUQUA ,CHAUTAUQUA ,30,25,22,20,32,24,21,25,20,21,28,31,264,0,56,0,2012
CHEMUNG ,CHEMUNG ,5,8,9,8,5,8,10,6,0,0,0,0,73,0,0,0,2012
CHENANGO ,CHENANGO ,8,10,6,11,10,10,12,8,14,6,8,14,119,0,13,0,2012
CLINTON ,CLINTON ,11,14,10,9,0,8,8,8,10,8,8,8,58,0,30,0,2012
COLUMBIA ,COLUMBIA ,14,16,13,14,12,18,5,11,21,10,15,18,129,9,33,32,2012
CORTLAND ,CORTLAND ,6,6,6,0,12,5,5,6,8,0,5,0,51,22,8,0,2012
DELAWARE ,DELAWARE ,0,0,0,0,5,0,9,0,5,8,0,0,43,0,12,0,2012
DUTCHESS ,DUTCHESS ,38,44,52,47,46,45,37,36,46,43,41,47,277,0,277,0,2012
ERIE ,ERIE ,143,123,115,105,117,104,99,99,107,89,82,106,1347,53,155,9,2012
ESSEX ,ESSEX ,0,0,0,0,0,0,0,0,0,0,0,0,10,0,5,0,2012
FRANKLIN ,FRANKLIN ,13,20,10,9,0,8,11,6,10,0,7,16,102,0,19,0,2012
FULTON ,FULTON ,13,16,6,0,8,5,11,8,6,9,5,7,100,0,7,0,2012
GENESEE ,GENESEE ,0,7,0,6,6,6,5,7,0,6,0,5,47,18,5,0,2012
GREENE ,GREENE ,8,17,9,9,9,8,9,9,11,10,8,17,102,18,21,0,2012
HAMILTON ,HAMILTON ,0,0,0,0,0,0,0,0,0,0,0,0,0,0,0,0,2012
HERKIMER ,HERKIMER ,0,0,0,0,0,0,0,5,7,5,0,6,38,0,11,0,2012
JEFFERSON ,JEFFERSON ,19,26,16,15,20,21,10,18,17,11,15,17,198,15,19,0,2012
KINGS ,KINGS ,2256,1947,1835,1599,1543,1545,1372,1346,1657,1516,912,993,11728,77,8716,2317,2012
LEWIS ,LEWIS ,0,6,5,0,6,0,0,0,0,0,5,6,51,0,5,0,2012
LIVINGSTON ,LIVINGSTON ,12,12,12,5,5,10,8,0,8,8,8,0,90,14,0,0,2012
MADISON ,MADISON ,9,7,5,0,7,0,0,0,0,7,6,7,55,0,18,0,2012
MONROE ,MONROE ,236,217,176,207,171,171,163,178,196,135,121,137,1953,87,515,18,2012
MONTGOMERY ,MONTGOMERY ,20,21,12,11,23,8,14,12,6,5,5,5,151,11,10,0,2012
NASSAU ,NASSAU ,236,229,234,254,243,230,273,250,283,213,206,235,2438,154,590,13,2012
NEW YORK ,NEW YORK ,1387,1141,1017,965,915,894,804,754,1401,968,597,536,8326,56,4755,1257,2012
NIAGARA ,NIAGARA ,16,18,9,9,16,15,13,18,12,24,15,21,157,0,34,0,2012
ONEIDA ,ONEIDA ,13,19,23,11,11,10,9,10,14,8,14,12,126,26,39,0,2012
ONONDAGA ,ONONDAGA ,147,108,103,86,113,100,80,83,139,86,75,133,1062,0,255,0,2012
ONTARIO ,ONTARIO ,25,23,28,30,32,28,29,25,20,21,23,19,250,42,41,17,2012
ORANGE ,ORANGE ,95,137,106,117,101,108,112,96,109,107,71,98,980,164,256,7,2012
ORLEANS ,ORLEANS ,10,10,10,7,0,7,11,0,7,5,0,17,83,0,15,0,2012
OSWEGO ,OSWEGO ,57,45,38,32,38,41,31,33,56,53,67,95,591,0,45,0,2012
OTSEGO ,OTSEGO ,7,5,13,0,5,0,7,5,0,0,7,6,49,8,22,0,2012
PUTNAM ,PUTNAM ,17,18,18,16,15,16,6,10,10,9,0,11,135,8,34,0,2012
QUEENS ,QUEENS ,1266,1089,993,949,937,851,806,722,1013,755,501,463,8593,114,2853,1260,2012
RENSSELAER ,RENSSELAER ,45,38,29,25,28,18,30,25,26,18,26,29,285,26,85,0,2012
RICHMOND ,RICHMOND ,229,216,195,153,160,165,153,125,270,167,111,101,1717,28,500,278,2012
ROCKLAND ,ROCKLAND ,53,78,52,58,48,48,61,54,84,62,52,44,604,31,115,0,2012
SARATOGA ,SARATOGA ,47,40,43,41,33,41,30,29,53,48,44,58,446,78,0,0,2012
SCHENECTADY ,SCHENECTADY ,35,22,23,20,20,20,22,16,17,14,8,13,124,91,0,0,2012
SCHOHARIE ,SCHOHARIE ,6,7,12,13,11,11,7,7,10,8,8,8,53,0,51,0,2012
SCHUYLER ,SCHUYLER ,0,0,0,0,0,0,0,0,0,0,0,0,19,0,0,0,2012
SENECA ,SENECA ,8,10,5,8,11,10,7,8,9,17,10,21,87,18,31,0,2012
ST. LAWRENCE ,ST. LAWRENCE ,60,62,34,62,46,43,51,42,39,25,55,75,604,0,82,0,2012
STEUBEN ,STEUBEN ,16,25,12,15,20,13,14,6,14,8,12,19,149,37,0,0,2012
SUFFOLK ,SUFFOLK ,416,434,380,363,347,338,309,321,351,328,330,407,3201,313,1425,6,2012
SULLIVAN ,SULLIVAN ,52,40,25,26,20,34,23,38,26,19,24,28,259,112,0,0,2012
TIOGA ,TIOGA ,5,7,5,7,7,7,0,0,9,0,0,6,39,0,32,0,2012
TOMPKINS ,TOMPKINS ,13,9,11,5,7,8,9,12,8,8,11,7,102,5,21,0,2012
ULSTER ,ULSTER ,38,40,45,32,40,23,32,35,61,60,36,56,305,0,170,0,2012
WARREN ,WARREN ,16,11,8,10,8,0,10,11,12,6,11,16,78,22,29,7,2012
WASHINGTON ,WASHINGTON ,18,24,22,11,13,11,14,9,12,12,17,19,173,29,0,0,2012
WAYNE ,WAYNE ,34,18,19,17,18,18,13,18,16,14,19,25,216,15,32,6,2012
WESTCHESTER ,WESTCHESTER ,222,225,199,209,196,179,190,172,241,175,156,148,1720,0,928,0,2012
WYOMING ,WYOMING ,14,8,0,9,8,10,0,6,5,0,6,7,78,0,9,0,2012
YATES ,YATES ,8,8,10,11,8,9,0,6,0,6,6,0,78,0,5,0,2012
ALBANY,ALBANY,75,66,60,49,43,49,56,48,64,45,29,25,429,56,227,0,2013
ALLEGANY,ALLEGANY,9,10,7,6,7,0,6,6,5,0,7,8,84,0,6,0,2013
BRONX,BRONX,3697,3131,2949,2486,2254,2344,2118,1990,2159,1384,882,790,16941,54,12790,2052,2013
BROOME,BROOME,44,47,48,52,36,45,51,39,47,48,40,63,447,45,144,6,2013
CATTARAUGUS,CATTARAUGUS,20,8,9,10,12,14,9,8,5,16,13,19,139,6,24,0,2013
CAYUGA,CAYUGA,11,10,13,7,10,7,13,7,5,9,0,7,75,24,23,0,2013
CHAUTAUQUA,CHAUTAUQUA,25,27,22,22,23,22,22,12,19,32,14,19,243,0,62,0,2013
CHEMUNG,CHEMUNG,5,9,7,7,8,6,0,6,0,0,0,0,61,0,0,0,2013
CHENANGO,CHENANGO,11,8,11,11,13,11,9,16,10,12,10,9,128,0,17,0,2013
CLINTON,CLINTON,14,6,12,11,9,0,18,14,7,14,9,5,68,45,0,0,2013
COLUMBIA,COLUMBIA,16,18,14,13,13,13,12,14,16,12,12,12,119,23,12,38,2013
CORTLAND,CORTLAND,6,0,9,9,7,8,9,0,0,0,7,12,63,12,21,0,2013
DELAWARE,DELAWARE,0,0,0,0,0,0,0,0,0,0,9,0,23,0,7,0,2013
DUTCHESS,DUTCHESS,49,50,53,61,46,46,44,37,49,41,31,33,287,0,255,0,2013
ERIE,ERIE,188,158,155,142,143,134,147,110,129,121,108,153,1631,0,381,0,2013
ESSEX,ESSEX,5,5,0,0,0,0,0,0,0,0,0,0,19,0,5,0,2013
FRANKLIN,FRANKLIN,6,7,9,13,9,5,9,9,9,6,0,12,96,0,13,0,2013
FULTON,FULTON,9,10,9,15,7,9,11,0,10,5,0,7,105,0,7,0,2013
GENESEE,GENESEE,0,0,8,0,10,8,7,9,6,8,5,5,64,19,0,0,2013
GREENE,GREENE,12,8,15,13,7,9,5,7,12,0,11,7,91,22,0,0,2013
HAMILTON,HAMILTON,0,0,0,0,0,0,0,0,0,0,0,0,0,0,0,0,2013
HERKIMER,HERKIMER,6,0,0,5,0,0,5,0,0,9,5,0,36,7,10,0,2013
JEFFERSON,JEFFERSON,21,17,18,12,14,18,16,11,18,6,11,21,181,0,17,0,2013
KINGS,KINGS,2723,2187,1981,1770,1581,1601,1377,1280,1844,1579,943,993,13224,67,8902,1857,2013
LEWIS,LEWIS,6,9,5,0,7,7,6,0,0,0,0,10,71,0,0,0,2013
LIVINGSTON,LIVINGSTON,11,14,11,10,5,0,11,9,5,0,7,6,92,6,16,0,2013
MADISON,MADISON,5,8,8,6,0,8,6,8,5,5,9,11,83,7,13,0,2013
MONROE,MONROE,315,247,223,198,227,194,151,171,209,143,125,142,2203,104,492,38,2013
MONTGOMERY,MONTGOMERY,23,11,16,11,10,9,9,13,9,9,5,0,141,15,0,0,2013
NASSAU,NASSAU,207,185,175,170,153,179,169,158,262,166,125,142,2107,130,383,10,2013
NEW YORK,NEW YORK,1526,1318,1085,991,929,934,878,859,1466,1122,731,632,9332,42,5049,1119,2013
NIAGARA,NIAGARA,18,13,18,17,10,21,17,21,24,18,22,20,181,0,40,0,2013
ONEIDA,ONEIDA,27,13,14,21,18,12,6,8,10,9,10,9,156,5,34,0,2013
ONONDAGA,ONONDAGA,179,187,157,142,127,150,128,117,209,119,100,151,1474,121,380,6,2013
ONTARIO,ONTARIO,23,22,28,25,17,26,22,24,15,14,18,19,226,31,36,5,2013
ORANGE,ORANGE,123,129,126,113,115,124,130,133,121,119,91,100,1108,167,313,8,2013
ORLEANS,ORLEANS,8,6,6,5,7,7,5,0,5,0,0,0,57,9,0,0,2013
OSWEGO,OSWEGO,62,59,40,38,38,52,54,43,54,59,67,100,667,0,49,0,2013
OTSEGO,OTSEGO,11,8,6,7,0,5,7,5,0,0,9,8,71,9,9,0,2013
PUTNAM,PUTNAM,14,14,17,16,16,14,18,9,8,7,10,5,103,9,43,0,2013
QUEENS,QUEENS,1409,1182,1054,997,961,931,760,752,1145,825,562,497,9559,77,2823,895,2013
RENSSELAER,RENSSELAER,47,41,33,43,21,32,35,38,36,28,26,30,347,38,93,0,2013
RICHMOND,RICHMOND,245,220,197,161,143,161,149,122,249,161,117,97,1705,23,523,176,2013
ROCKLAND,ROCKLAND,36,59,62,49,53,44,42,45,98,67,45,49,574,0,87,0,2013
SARATOGA,SARATOGA,36,40,35,27,38,37,38,24,40,44,35,61,392,71,0,0,2013
SCHENECTADY,SCHENECTADY,25,20,17,16,13,18,14,14,15,13,13,7,132,43,0,0,2013
SCHOHARIE,SCHOHARIE,6,0,5,10,10,8,10,5,5,8,8,5,51,16,21,0,2013
SCHUYLER,SCHUYLER,0,0,0,0,0,0,0,0,0,0,0,0,22,0,6,0,2013
SENECA,SENECA,9,9,8,5,5,6,11,10,8,8,16,25,88,24,17,0,2013
ST. LAWRENCE,ST. LAWRENCE,51,47,37,28,45,34,32,28,35,21,29,56,498,0,33,0,2013
STEUBEN,STEUBEN,27,18,16,15,17,16,11,14,10,14,5,16,168,16,0,0,2013
SUFFOLK,SUFFOLK,431,374,382,336,364,347,341,292,414,320,269,393,2957,0,1598,0,2013
SULLIVAN,SULLIVAN,34,43,34,14,24,22,30,18,36,23,15,21,255,68,0,0,2013
TIOGA,TIOGA,0,7,0,0,7,0,5,0,0,0,0,7,48,0,10,0,2013
TOMPKINS,TOMPKINS,16,10,16,10,9,8,8,0,13,14,8,18,108,0,36,0,2013
ULSTER,ULSTER,55,34,33,33,25,46,25,43,50,58,37,44,270,0,162,0,2013
WARREN,WARREN,14,14,17,9,7,15,9,13,11,15,17,19,136,0,27,0,2013
WASHINGTON,WASHINGTON,13,9,11,11,7,6,0,5,15,12,7,17,116,15,10,0,2013
WAYNE,WAYNE,24,41,18,17,22,17,19,19,21,12,17,32,256,20,22,0,2013
WESTCHESTER,WESTCHESTER,195,216,231,210,203,186,180,184,203,191,154,182,1724,0,877,0,2013
WYOMING,WYOMING,5,13,7,0,6,6,9,0,0,0,0,5,56,0,9,0,2013
YATES,YATES,7,0,6,0,6,0,10,0,8,5,6,8,58,0,12,0,2013
ALBANY ,ALBANY ,62,64,44,72,48,53,52,48,81,27,31,33,564,0,114,0,2014
ALLEGANY ,ALLEGANY ,11,5,12,5,8,10,7,5,0,0,5,10,86,6,0,0,2014
BRONX ,BRONX ,3620,3215,2841,2671,2169,2209,2094,1959,2323,1439,916,779,17229,51,13055,1613,2014
BROOME ,BROOME ,45,45,48,32,45,34,46,44,35,27,37,44,345,32,149,13,2014
CATTARAUGUS ,CATTARAUGUS ,18,15,12,11,0,12,11,13,9,7,16,23,158,11,14,0,2014
CAYUGA ,CAYUGA ,18,8,14,8,6,8,8,10,9,8,6,7,70,33,0,0,2014
CHAUTAUQUA ,CHAUTAUQUA ,24,20,21,17,26,24,27,27,22,21,22,22,216,10,79,0,2014
CHEMUNG ,CHEMUNG ,12,10,12,12,10,10,7,5,0,0,0,5,103,0,9,0,2014
CHENANGO ,CHENANGO ,9,11,6,11,9,12,13,8,11,12,13,16,123,13,13,0,2014
CLINTON ,CLINTON ,6,17,13,16,10,8,0,18,14,6,16,10,90,55,19,0,2014
COLUMBIA ,COLUMBIA ,8,16,9,17,7,14,15,10,23,21,7,17,105,25,18,36,2014
CORTLAND ,CORTLAND ,9,5,5,5,0,0,7,7,8,0,0,8,53,0,20,0,2014
DELAWARE ,DELAWARE ,0,6,0,0,0,0,0,0,0,5,6,0,29,0,23,0,2014
DUTCHESS ,DUTCHESS ,50,52,52,52,55,50,45,45,50,50,41,52,359,69,241,0,2014
ERIE ,ERIE ,225,189,185,202,164,171,188,177,176,160,160,179,2234,77,412,8,2014
ESSEX ,ESSEX ,0,0,0,0,0,0,0,0,0,0,0,0,10,0,0,0,2014
FRANKLIN ,FRANKLIN ,12,5,0,6,10,5,5,8,6,5,0,9,78,0,5,0,2014
FULTON ,FULTON ,7,7,7,10,7,5,11,5,7,0,0,6,78,6,0,0,2014
GENESEE ,GENESEE ,8,10,9,12,6,10,6,6,9,12,6,5,78,27,0,0,2014
GREENE ,GREENE ,15,17,7,20,9,10,11,5,10,13,10,16,119,25,0,0,2014
HAMILTON ,HAMILTON ,0,0,0,0,0,0,0,0,0,0,0,0,0,0,0,0,2014
HERKIMER ,HERKIMER ,0,8,0,0,8,0,0,0,0,0,5,0,29,7,14,0,2014
JEFFERSON ,JEFFERSON ,22,20,15,16,10,15,9,16,15,14,5,10,161,11,15,0,2014
KINGS ,KINGS ,2473,2400,1998,1826,1604,1452,1379,1243,1733,1485,930,1003,13034,47,9228,1449,2014
LEWIS ,LEWIS ,7,0,9,5,0,5,5,6,0,0,0,9,63,0,0,0,2014
LIVINGSTON ,LIVINGSTON ,12,13,15,16,6,7,10,6,10,10,0,5,110,12,9,0,2014
MADISON ,MADISON ,6,6,5,5,5,0,0,0,0,0,6,8,52,0,12,0,2014
MONROE ,MONROE ,322,279,255,235,225,208,175,191,220,154,143,155,2197,73,551,209,2014
MONTGOMERY ,MONTGOMERY ,26,16,15,20,10,6,8,12,14,7,7,8,164,0,10,0,2014
NASSAU ,NASSAU ,322,233,192,204,191,174,196,188,345,244,174,158,2671,0,388,0,2014
NEW YORK ,NEW YORK ,1460,1350,1162,975,900,892,841,804,1509,1271,842,774,9359,37,5272,1027,2014
NIAGARA ,NIAGARA ,28,15,28,18,25,15,21,17,20,29,13,40,226,0,57,0,2014
ONEIDA ,ONEIDA ,34,35,28,26,27,17,10,14,12,14,12,11,236,10,29,0,2014
ONONDAGA ,ONONDAGA ,234,267,242,211,210,183,172,151,231,189,109,167,1905,184,531,5,2014
ONTARIO ,ONTARIO ,29,20,23,25,28,19,24,16,20,11,12,13,222,39,23,0,2014
ORANGE ,ORANGE ,138,128,119,113,97,116,122,107,156,108,75,116,1060,193,309,6,2014
ORLEANS ,ORLEANS ,8,6,0,6,5,0,0,5,8,5,0,0,45,0,13,0,2014
OSWEGO ,OSWEGO ,59,54,55,37,41,48,37,60,42,55,72,119,655,0,52,0,2014
OTSEGO ,OTSEGO ,18,5,7,9,0,6,6,6,6,0,6,9,74,5,18,0,2014
PUTNAM ,PUTNAM ,7,16,8,15,10,11,13,12,11,7,0,10,105,0,27,0,2014
QUEENS ,QUEENS ,1352,1272,1149,969,916,865,725,674,1118,761,526,539,9392,37,3123,639,2014
RENSSELAER ,RENSSELAER ,65,49,49,44,49,32,46,43,38,34,27,31,396,36,152,0,2014
RICHMOND ,RICHMOND ,234,194,175,152,133,125,107,117,175,145,91,87,1409,11,579,103,2014
ROCKLAND ,ROCKLAND ,31,40,54,60,48,50,49,45,89,74,44,55,571,14,86,0,2014
SARATOGA ,SARATOGA ,47,37,47,42,37,29,48,42,32,39,46,61,482,51,37,5,2014
SCHENECTADY ,SCHENECTADY ,12,17,23,18,15,14,24,11,17,13,14,8,166,12,31,0,2014
SCHOHARIE ,SCHOHARIE ,0,0,5,6,12,6,8,8,5,0,6,5,44,21,10,0,2014
SCHUYLER ,SCHUYLER ,0,0,0,0,0,0,0,0,0,5,0,0,20,0,11,0,2014
SENECA ,SENECA ,7,6,9,0,5,8,5,6,5,7,12,12,66,16,16,0,2014
ST. LAWRENCE ,ST. LAWRENCE ,58,37,48,44,29,41,24,25,31,31,43,50,485,5,38,5,2014
STEUBEN ,STEUBEN ,13,22,14,11,11,10,10,19,6,8,7,16,113,19,36,0,2014
SUFFOLK ,SUFFOLK ,388,393,333,353,344,327,306,328,378,382,327,404,2875,254,1681,15,2014
SULLIVAN ,SULLIVAN ,39,25,32,21,28,18,20,27,23,24,29,19,214,52,77,0,2014
TIOGA ,TIOGA ,0,6,8,0,6,5,10,7,5,5,6,0,69,0,12,0,2014
TOMPKINS ,TOMPKINS ,12,10,11,9,6,8,10,5,7,5,5,13,90,8,15,0,2014
ULSTER ,ULSTER ,54,49,35,33,35,25,45,37,49,43,31,48,279,119,138,0,2014
WARREN ,WARREN ,11,20,11,15,9,5,6,8,0,8,17,21,119,22,11,0,2014
WASHINGTON ,WASHINGTON ,24,16,11,20,13,9,11,10,20,8,21,20,176,28,0,0,2014
WAYNE ,WAYNE ,35,24,49,21,21,20,14,26,30,16,16,25,271,27,33,0,2014
WESTCHESTER ,WESTCHESTER ,203,199,177,213,186,206,164,187,264,186,173,179,1833,76,761,8,2014
WYOMING ,WYOMING ,0,0,5,5,0,0,0,0,0,0,0,7,30,0,9,0,2014
YATES ,YATES ,6,7,0,0,0,5,6,6,5,0,5,7,46,0,12,0,2014
ALBANY ,ALBANY ,74,86,70,64,64,50,54,56,82,49,49,35,449,210,173,5,2015
ALLEGANY ,ALLEGANY ,5,8,6,6,0,0,6,0,0,0,0,6,57,0,6,0,2015
BRONX ,BRONX ,3928,3984,3487,3168,2824,2636,2403,2372,2712,1969,1164,967,21405,47,15189,1868,2015
BROOME ,BROOME ,53,54,39,44,45,37,43,36,37,40,45,57,409,31,166,5,2015
CATTARAUGUS ,CATTARAUGUS ,10,10,15,13,14,9,11,16,17,0,9,25,149,0,26,0,2015
CAYUGA ,CAYUGA ,15,16,9,12,13,13,12,10,12,0,0,10,91,42,21,0,2015
CHAUTAUQUA ,CHAUTAUQUA ,20,17,18,12,18,17,13,18,23,17,18,15,161,0,73,0,2015
CHEMUNG ,CHEMUNG ,7,9,7,7,5,0,9,0,0,7,0,0,61,0,10,0,2015
CHENANGO ,CHENANGO ,11,12,14,10,13,11,10,11,10,12,11,20,133,18,26,0,2015
CLINTON ,CLINTON ,23,11,21,18,17,15,11,10,19,17,6,17,152,50,0,0,2015
COLUMBIA ,COLUMBIA ,12,11,14,12,14,8,22,6,14,11,13,17,102,25,8,36,2015
CORTLAND ,CORTLAND ,7,10,8,8,7,8,6,0,14,0,0,9,59,21,0,0,2015
DELAWARE ,DELAWARE ,0,0,5,8,10,5,7,7,8,0,5,6,46,0,24,0,2015
DUTCHESS ,DUTCHESS ,67,75,65,60,58,64,56,50,71,49,47,54,425,83,298,0,2015
ERIE ,ERIE ,290,207,206,183,176,161,190,173,214,178,149,185,2343,0,512,0,2015
ESSEX ,ESSEX ,0,0,0,0,5,0,0,0,0,0,0,0,22,0,7,0,2015
FRANKLIN ,FRANKLIN ,5,11,8,0,0,10,0,6,7,9,7,10,89,5,6,0,2015
FULTON ,FULTON ,15,11,8,12,14,7,9,6,5,8,0,7,96,0,15,0,2015
GENESEE ,GENESEE ,11,7,6,11,11,12,8,9,7,5,6,8,69,36,9,0,2015
GREENE ,GREENE ,10,17,10,6,17,9,11,9,0,10,12,9,94,29,0,0,2015
HAMILTON ,HAMILTON ,0,0,0,0,0,0,0,0,0,0,0,0,0,0,0,0,2015
HERKIMER ,HERKIMER ,0,0,0,0,0,6,0,0,0,0,0,0,22,0,12,0,2015
JEFFERSON ,JEFFERSON ,12,21,19,14,9,0,13,7,16,11,17,11,163,0,11,0,2015
KINGS ,KINGS ,2858,2714,2555,2182,2044,1849,1623,1577,2066,1743,1188,1123,16418,58,10519,1640,2015
LEWIS ,LEWIS ,10,6,0,8,5,6,7,8,10,0,0,0,78,0,0,0,2015
LIVINGSTON ,LIVINGSTON ,11,9,6,10,10,11,9,5,5,8,6,5,74,23,5,0,2015
MADISON ,MADISON ,11,11,7,8,10,7,6,0,0,0,0,5,64,0,16,0,2015
MONROE ,MONROE ,341,290,297,251,252,207,188,193,223,150,135,168,2515,53,601,127,2015
MONTGOMERY ,MONTGOMERY ,20,18,14,18,15,11,13,6,16,19,6,12,157,21,0,0,2015
NASSAU ,NASSAU ,352,359,267,228,235,218,218,216,302,352,247,236,3242,274,439,13,2015
NEW YORK ,NEW YORK ,1646,1510,1341,1187,1067,1011,973,958,1768,1596,1081,986,11339,47,5548,1379,2015
NIAGARA ,NIAGARA ,34,28,18,30,21,29,19,25,21,25,22,34,267,18,50,5,2015
ONEIDA ,ONEIDA ,29,32,25,19,16,23,14,9,14,11,10,11,207,0,34,0,2015
ONONDAGA ,ONONDAGA ,215,261,280,241,231,217,192,198,300,186,145,173,2160,126,580,18,2015
ONTARIO ,ONTARIO ,25,36,26,26,22,19,19,25,22,20,6,19,268,33,13,0,2015
ORANGE ,ORANGE ,141,151,128,119,118,120,137,124,152,135,93,100,1162,235,312,12,2015
ORLEANS ,ORLEANS ,5,9,5,7,10,9,9,6,8,6,5,0,71,15,13,0,2015
OSWEGO ,OSWEGO ,72,80,61,61,54,68,66,52,75,63,69,141,822,0,88,0,2015
OTSEGO ,OTSEGO ,9,12,5,0,7,0,5,6,5,0,7,9,68,6,8,0,2015
PUTNAM ,PUTNAM ,6,8,15,0,11,7,6,6,9,9,0,0,55,8,28,0,2015
QUEENS ,QUEENS ,1676,1604,1510,1414,1238,1168,1033,932,1282,1066,657,589,12451,51,3814,762,2015
RENSSELAER ,RENSSELAER ,54,59,52,56,42,46,43,49,43,41,34,36,420,0,168,0,2015
RICHMOND ,RICHMOND ,312,309,261,228,207,209,166,132,228,177,120,90,1762,9,1011,128,2015
ROCKLAND ,ROCKLAND ,36,33,47,49,56,48,49,50,92,67,56,58,572,19,100,0,2015
SARATOGA ,SARATOGA ,63,56,46,48,45,45,39,44,53,30,38,67,507,73,50,10,2015
SCHENECTADY ,SCHENECTADY ,14,14,11,10,12,16,17,8,11,8,18,10,148,11,10,0,2015
SCHOHARIE ,SCHOHARIE ,0,0,0,0,0,0,0,0,0,0,0,0,6,11,5,0,2015
SCHUYLER ,SCHUYLER ,0,0,0,0,0,0,0,0,5,0,6,0,20,0,10,0,2015
SENECA ,SENECA ,11,8,8,7,0,7,6,5,12,11,7,16,86,19,6,0,2015
ST. LAWRENCE ,ST. LAWRENCE ,31,50,45,47,44,30,38,21,31,40,35,63,502,0,44,0,2015
STEUBEN ,STEUBEN ,22,24,17,15,11,13,10,13,19,10,15,27,167,34,0,0,2015
SUFFOLK ,SUFFOLK ,387,426,406,374,370,346,348,318,398,400,345,429,3058,271,1777,18,2015
SULLIVAN ,SULLIVAN ,24,37,27,34,26,28,23,20,35,15,20,25,232,77,0,0,2015
TIOGA ,TIOGA ,7,0,0,9,0,5,0,8,9,0,5,6,72,0,6,0,2015
TOMPKINS ,TOMPKINS ,12,10,13,9,11,0,5,14,0,12,9,6,107,10,18,0,2015
ULSTER ,ULSTER ,49,38,44,35,32,31,26,45,43,36,28,45,249,0,125,0,2015
WARREN ,WARREN ,23,17,13,18,10,11,8,10,14,8,13,25,151,21,14,0,2015
WASHINGTON ,WASHINGTON ,28,29,23,21,18,19,16,13,16,17,6,15,172,53,13,7,2015
WAYNE ,WAYNE ,30,28,28,40,24,21,23,14,31,27,19,31,282,25,40,0,2015
WESTCHESTER ,WESTCHESTER ,214,212,189,205,205,185,214,166,276,204,145,186,1887,59,778,8,2015
WYOMING ,WYOMING ,5,0,9,5,0,0,0,0,0,0,0,6,38,0,0,0,2015
YATES ,YATES ,8,0,0,0,0,0,0,7,5,0,0,6,42,0,13,0,2015
ALBANY,ALBANY,88,84,93,72,74,73,57,60,88,69,59,59,494,254,225,16,2016
ALLEGANY,ALLEGANY,5,5,7,6,13,6,0,10,5,0,0,0,71,0,0,5,2016
BROOME,BROOME,49,53,55,54,40,33,47,49,40,42,46,61,426,0,189,0,2016
CATTARAUGUS,CATTARAUGUS,10,11,7,14,12,10,0,6,8,7,11,24,121,0,25,0,2016
CAYUGA,CAYUGA,25,19,23,13,12,15,10,10,15,7,10,12,137,43,30,0,2016
CHAUTAUQUA,CHAUTAUQUA,29,22,17,14,24,19,22,11,15,13,12,23,187,0,48,0,2016
CHEMUNG,CHEMUNG,12,9,7,6,10,8,7,0,10,0,7,0,87,0,9,0,2016
CHENANGO,CHENANGO,15,9,12,8,5,8,5,6,6,8,10,13,100,10,16,0,2016
CLINTON,CLINTON,18,22,15,14,14,19,15,15,21,10,18,15,144,50,0,0,2016
COLUMBIA,COLUMBIA,14,16,12,20,14,8,14,16,11,6,13,22,113,40,8,36,2016
CORTLAND,CORTLAND,7,7,13,11,9,7,7,0,10,13,0,11,61,20,28,0,2016
DELAWARE,DELAWARE,8,5,0,5,5,6,8,0,5,0,0,0,44,0,17,0,2016
DUTCHESS,DUTCHESS,67,71,67,72,58,62,65,62,76,60,43,62,466,0,277,0,2016
ERIE,ERIE,191,200,183,169,166,179,159,162,185,141,96,140,1861,0,442,0,2016
ESSEX,ESSEX,0,0,0,0,0,0,0,0,0,0,0,0,21,0,0,0,2016
FRANKLIN,FRANKLIN,10,11,12,10,13,8,14,9,7,6,9,15,141,0,11,0,2016
FULTON,FULTON,14,10,6,8,9,10,11,10,8,7,6,10,112,0,12,0,2016
GENESEE,GENESEE,10,0,9,0,9,7,0,0,7,0,0,8,62,18,5,0,2016
GREENE,GREENE,11,11,12,14,10,18,7,12,9,8,0,12,86,35,0,0,2016
HAMILTON,HAMILTON,0,0,0,0,0,0,0,0,0,0,0,0,0,0,0,0,2016
HERKIMER,HERKIMER,5,0,0,7,0,0,8,0,0,0,5,0,33,0,11,0,2016
JEFFERSON,JEFFERSON,18,19,22,25,19,9,10,16,11,16,19,19,210,10,8,0,2016
LEWIS,LEWIS,10,10,10,10,9,8,5,8,8,7,7,5,107,0,0,0,2016
LIVINGSTON,LIVINGSTON,12,14,17,11,14,11,14,8,11,10,12,13,120,31,12,0,2016
MADISON,MADISON,12,15,14,14,9,10,8,9,6,7,10,6,110,0,19,0,2016
MONROE,MONROE,329,283,268,273,235,246,218,191,248,177,127,160,2663,81,606,86,2016
MONTGOMERY,MONTGOMERY,19,24,27,6,15,17,14,14,16,9,8,11,165,37,14,0,2016
NASSAU,NASSAU,478,393,375,310,273,278,248,256,386,381,347,301,3980,363,456,12,2016
NEW YORK,NEW YORK,1667,1590,1453,1275,1150,1149,993,1010,1832,1633,1175,1034,11835,54,6035,1167,2016
BRONX,BRONX,3912,3826,3709,3391,2944,2916,2492,2444,2687,2113,1529,1148,22359,41,15556,1811,2016
KINGS,KINGS,2814,2808,2721,2514,2226,2064,1761,1700,2262,1999,1397,1397,17752,64,11277,1543,2016
QUEENS,QUEENS,1750,1746,1685,1584,1478,1368,1220,1208,1521,1068,860,684,14041,50,4219,772,2016
RICHMOND,RICHMOND,264,278,279,255,189,212,176,155,267,173,133,123,1859,16,925,186,2016
NIAGARA,NIAGARA,42,37,35,24,44,18,30,31,36,32,27,23,313,0,80,0,2016
ONEIDA,ONEIDA,30,34,27,23,20,16,19,14,38,26,20,36,308,8,39,0,2016
ONONDAGA,ONONDAGA,246,258,271,289,250,234,212,199,332,230,139,186,2398,102,564,30,2016
ONTARIO,ONTARIO,26,36,31,30,29,26,19,23,30,24,12,9,285,52,8,0,2016
ORANGE,ORANGE,137,159,160,133,122,119,109,136,150,122,129,115,1309,212,268,12,2016
ORLEANS,ORLEANS,6,5,9,7,0,0,7,0,5,0,0,0,44,6,14,7,2016
OSWEGO,OSWEGO,70,79,52,51,62,39,49,52,47,63,63,87,718,28,65,9,2016
OTSEGO,OTSEGO,5,5,14,0,0,5,6,5,0,0,0,9,57,0,17,0,2016
PUTNAM,PUTNAM,6,5,5,14,0,8,0,8,0,0,5,8,52,0,20,0,2016
RENSSELAER,RENSSELAER,60,69,50,51,62,46,46,52,33,39,31,43,463,0,147,0,2016
ROCKLAND,ROCKLAND,45,45,40,55,43,63,45,51,101,86,55,59,578,31,117,0,2016
SAINT LAWRENCE,SAINT LAWRENCE,52,37,47,50,43,39,43,35,35,36,48,44,553,0,35,0,2016
SARATOGA,SARATOGA,60,50,49,47,36,39,39,32,71,41,35,58,490,76,59,6,2016
SCHENECTADY,SCHENECTADY,32,29,29,28,27,19,23,27,16,15,15,19,194,75,56,0,2016
SCHOHARIE,SCHOHARIE,0,0,0,0,0,0,0,0,0,0,0,0,7,7,0,0,2016
SCHUYLER,SCHUYLER,0,0,0,0,0,0,0,0,0,0,0,0,23,0,5,0,2016
SENECA,SENECA,6,0,0,0,5,5,0,5,8,8,9,8,59,11,8,0,2016
STEUBEN,STEUBEN,26,32,31,29,16,23,15,17,18,19,21,31,219,62,31,0,2016
SUFFOLK,SUFFOLK,416,401,433,425,383,408,367,354,389,420,415,448,3413,240,1737,15,2016
SULLIVAN,SULLIVAN,28,16,31,23,28,34,14,11,21,23,18,21,223,47,0,0,2016
TIOGA,TIOGA,5,0,0,5,6,0,0,5,6,0,5,0,50,0,5,0,2016
TOMPKINS,TOMPKINS,14,15,12,19,7,16,10,15,13,14,18,21,148,0,44,0,2016
ULSTER,ULSTER,53,44,41,57,36,41,31,47,60,45,41,42,283,157,150,7,2016
WARREN,WARREN,13,16,19,14,20,19,13,14,12,18,9,17,165,22,0,0,2016
WASHINGTON,WASHINGTON,23,15,22,14,19,12,16,16,16,9,12,13,160,29,5,7,2016
WAYNE,WAYNE,24,28,26,23,33,20,16,24,25,24,20,36,272,0,26,0,2016
WESTCHESTER,WESTCHESTER,219,211,206,199,196,194,165,194,260,205,169,147,1823,0,839,0,2016
WYOMING,WYOMING,0,8,0,11,0,0,0,0,0,0,0,0,37,0,10,0,2016
YATES,YATES,8,6,6,5,0,0,0,0,8,6,0,5,56,6,0,0,2016
ALBANY,ALBANY,102,98,95,101,74,68,82,63,84,71,58,63,623,251,228,8,2017
ALLEGANY,ALLEGANY,5,0,6,7,5,10,6,7,6,0,0,5,61,0,0,7,2017
BROOME,BROOME,83,74,68,75,61,54,50,63,64,47,55,96,611,0,215,0,2017
CATTARAUGUS,CATTARAUGUS,13,12,19,17,9,8,6,6,10,12,14,16,116,0,30,0,2017
CAYUGA,CAYUGA,29,31,19,28,20,16,18,16,17,8,12,20,163,68,53,0,2017
CHAUTAUQUA,CHAUTAUQUA,45,40,35,28,26,37,26,27,19,23,28,11,318,56,0,0,2017
CHEMUNG,CHEMUNG,6,10,11,13,0,5,5,9,9,5,6,0,77,18,5,0,2017
CHENANGO,CHENANGO,8,13,10,13,14,6,12,6,10,9,11,12,112,0,12,0,2017
CLINTON,CLINTON,26,23,21,28,20,19,19,20,28,14,13,24,221,39,36,0,2017
COLUMBIA,COLUMBIA,20,16,17,12,18,11,9,15,26,11,9,28,107,39,11,56,2017
CORTLAND,CORTLAND,6,0,5,7,10,14,0,5,9,8,0,7,61,12,23,0,2017
DELAWARE,DELAWARE,0,0,6,0,0,0,0,0,0,5,5,7,45,0,0,0,2017
DUTCHESS,DUTCHESS,73,60,82,70,85,60,72,65,74,62,64,60,516,122,271,0,2017
ERIE,ERIE,252,228,230,215,193,187,194,166,198,151,143,156,2198,145,424,6,2017
ESSEX,ESSEX,0,0,0,0,0,0,0,0,0,0,0,6,27,0,0,0,2017
FRANKLIN,FRANKLIN,20,14,14,10,6,14,10,7,9,7,6,17,154,8,0,0,2017
FULTON,FULTON,9,10,7,14,12,12,11,10,10,7,6,15,118,0,16,0,2017
GENESEE,GENESEE,14,16,9,9,0,13,13,5,5,12,5,0,89,26,12,0,2017
GREENE,GREENE,0,6,8,8,6,5,11,0,11,0,6,6,48,28,14,0,2017
HAMILTON,HAMILTON,0,0,0,0,0,0,0,0,0,0,0,0,0,0,0,0,2017
HERKIMER,HERKIMER,6,9,0,0,0,0,0,7,5,0,0,8,51,6,9,0,2017
JEFFERSON,JEFFERSON,18,18,27,30,20,14,7,12,18,16,21,24,218,18,0,0,2017
LEWIS,LEWIS,0,9,7,5,5,0,8,0,6,0,0,11,80,0,0,0,2017
LIVINGSTON,LIVINGSTON,17,15,19,19,8,11,14,18,11,15,15,16,162,23,19,0,2017
MADISON,MADISON,7,6,10,7,11,8,10,8,6,7,7,8,101,0,8,0,2017
MONROE,MONROE,293,253,270,249,241,237,233,207,242,202,185,191,2976,93,391,44,2017
MONTGOMERY,MONTGOMERY,27,26,29,33,27,23,27,10,19,16,10,14,225,55,26,5,2017
NASSAU,NASSAU,403,445,418,361,293,285,261,253,294,360,351,397,3939,0,466,0,2017
NEW YORK,NEW YORK,1618,1574,1519,1373,1281,1317,1119,1080,1994,1737,1354,1196,12131,60,6756,1342,2017
BRONX,BRONX,3739,3714,3652,3475,3046,3003,2685,2425,2709,2076,1562,1357,23395,65,14742,1765,2017
KINGS,KINGS,2798,2781,2715,2615,2463,2247,1879,1690,2271,2011,1426,1535,18463,82,11174,1538,2017
QUEENS,QUEENS,1763,1820,1765,1812,1687,1505,1270,1259,1622,1190,827,814,14980,69,4341,847,2017
RICHMOND,RICHMOND,250,251,264,243,233,187,200,154,222,217,126,121,1906,8,810,185,2017
NIAGARA,NIAGARA,39,41,30,45,28,36,28,30,33,41,29,25,373,25,55,0,2017
ONEIDA,ONEIDA,45,39,32,47,26,29,16,23,34,40,20,53,422,15,28,0,2017
ONONDAGA,ONONDAGA,201,207,178,170,157,159,166,159,202,155,121,161,1861,55,369,18,2017
ONTARIO,ONTARIO,30,35,36,27,25,21,28,17,24,25,18,23,283,63,0,0,2017
ORANGE,ORANGE,169,174,175,176,153,133,132,117,153,133,115,131,1452,298,244,8,2017
ORLEANS,ORLEANS,0,5,5,7,5,6,0,5,6,5,0,8,53,0,15,0,2017
OSWEGO,OSWEGO,88,71,82,56,58,44,41,55,58,43,61,99,726,0,93,0,2017
OTSEGO,OTSEGO,13,11,11,10,7,6,5,0,0,0,7,11,72,15,17,0,2017
PUTNAM,PUTNAM,8,5,9,11,8,0,5,0,7,5,0,0,53,5,20,0,2017
RENSSELAER,RENSSELAER,52,56,40,43,49,47,41,40,40,31,31,32,423,0,130,0,2017
ROCKLAND,ROCKLAND,31,51,48,50,56,52,73,59,104,76,71,58,610,54,115,0,2017
SAINT LAWRENCE,SAINT LAWRENCE,48,59,33,39,46,45,42,42,38,29,50,68,576,0,40,0,2017
SARATOGA,SARATOGA,53,55,43,53,47,42,41,38,57,65,52,50,531,76,0,0,2017
SCHENECTADY,SCHENECTADY,44,54,61,47,39,45,37,25,47,22,14,23,280,26,234,0,2017
SCHOHARIE,SCHOHARIE,0,0,0,0,0,0,0,0,0,0,0,0,14,0,7,0,2017
SCHUYLER,SCHUYLER,5,0,0,6,5,0,0,0,0,0,0,0,36,0,0,0,2017
SENECA,SENECA,15,7,6,9,0,7,8,7,10,11,7,17,90,21,0,0,2017
STEUBEN,STEUBEN,19,24,26,23,26,10,19,7,23,24,14,36,231,44,0,0,2017
SUFFOLK,SUFFOLK,328,423,388,430,438,416,400,366,400,387,409,483,3530,212,1689,21,2017
SULLIVAN,SULLIVAN,34,41,28,32,31,30,34,15,26,29,27,22,264,76,0,0,2017
TIOGA,TIOGA,9,0,5,0,0,8,0,6,0,7,0,5,63,0,0,0,2017
TOMPKINS,TOMPKINS,19,14,17,18,12,13,13,10,19,17,12,17,167,11,35,0,2017
ULSTER,ULSTER,45,51,47,43,61,41,36,35,53,55,49,42,305,162,0,0,2017
WARREN,WARREN,23,21,14,20,15,24,15,15,16,10,23,19,203,27,0,0,2017
WASHINGTON,WASHINGTON,11,14,22,16,13,13,11,12,18,17,17,18,160,20,14,5,2017
WAYNE,WAYNE,16,27,27,20,27,18,21,14,27,18,23,32,237,37,35,0,2017
WESTCHESTER,WESTCHESTER,228,225,221,199,200,197,212,168,231,212,169,184,1876,0,887,0,2017
WYOMING,WYOMING,0,5,6,0,8,5,0,0,0,6,0,0,44,6,0,0,2017
YATES,YATES,6,6,0,0,0,0,6,0,5,10,0,7,61,0,0,0,2017
ALBANY,ALBANY,86,98,94,87,94,71,66,70,86,76,56,74,723,75,360,0,2018
ALLEGANY,ALLEGANY,10,0,0,0,5,0,6,0,9,6,0,10,60,0,5,0,2018
BROOME,BROOME,71,56,67,56,50,47,37,51,45,38,43,55,507,0,140,0,2018
CATTARAUGUS,CATTARAUGUS,9,5,8,5,0,9,6,9,0,9,9,17,80,0,21,0,2018
CAYUGA,CAYUGA,15,17,16,15,15,8,14,7,8,0,6,14,84,36,50,0,2018
CHAUTAUQUA,CHAUTAUQUA,30,22,33,33,18,20,26,16,25,20,18,25,252,0,44,0,2018
CHEMUNG,CHEMUNG,12,10,7,11,10,5,5,8,8,0,8,5,83,16,0,0,2018
CHENANGO,CHENANGO,6,9,0,0,9,5,0,8,0,0,7,11,83,0,0,0,2018
CLINTON,CLINTON,27,28,20,23,15,18,27,20,17,19,10,16,213,35,27,0,2018
COLUMBIA,COLUMBIA,14,14,16,15,13,23,13,7,20,16,10,19,94,37,11,59,2018
CORTLAND,CORTLAND,8,12,6,5,6,12,12,8,9,7,8,10,45,0,44,0,2018
DELAWARE,DELAWARE,0,0,0,5,0,0,0,0,0,0,0,0,30,0,0,0,2018
DUTCHESS,DUTCHESS,71,67,70,63,68,80,61,65,78,70,60,74,516,114,280,0,2018
ERIE,ERIE,160,155,145,160,148,137,148,132,161,125,101,155,1623,0,345,0,2018
ESSEX,ESSEX,0,0,0,0,0,0,0,0,0,0,0,5,19,0,5,0,2018
FRANKLIN,FRANKLIN,20,11,11,12,7,6,12,10,8,9,6,5,110,0,16,0,2018
FULTON,FULTON,6,13,9,5,0,10,7,7,11,5,8,0,97,0,5,0,2018
GENESEE,GENESEE,15,13,9,17,9,6,11,7,8,5,10,8,101,36,8,0,2018
GREENE,GREENE,8,5,0,6,7,6,0,8,7,0,7,8,46,26,14,0,2018
HAMILTON,HAMILTON,0,0,0,0,0,0,0,0,0,0,0,0,0,0,0,0,2018
HERKIMER,HERKIMER,0,0,0,0,0,0,0,0,5,0,0,0,44,0,0,0,2018
JEFFERSON,JEFFERSON,23,16,16,17,24,18,13,12,17,14,10,17,173,25,18,0,2018
LEWIS,LEWIS,7,5,5,6,0,0,0,0,0,6,5,5,56,0,0,0,2018
LIVINGSTON,LIVINGSTON,11,24,10,14,13,11,7,13,9,12,11,12,138,14,16,0,2018
MADISON,MADISON,14,10,10,19,0,6,14,13,10,6,10,0,126,0,11,0,2018
MONROE,MONROE,285,278,257,251,231,243,220,180,213,182,136,184,2759,87,511,50,2018
MONTGOMERY,MONTGOMERY,25,24,19,14,18,20,10,16,12,9,12,11,200,31,0,0,2018
NASSAU,NASSAU,264,270,296,273,258,215,207,198,213,211,275,295,2676,343,386,5,2018
NEW YORK,NEW YORK,1518,1495,1460,1455,1270,1335,1223,1095,1836,1562,1291,1291,12190,88,6231,1350,2018
BRONX,BRONX,3462,3547,3473,3413,3170,3088,2822,2681,2729,2166,1611,1456,24853,102,13082,1685,2018
KINGS,KINGS,2630,2700,2654,2610,2529,2405,2011,1892,2263,2013,1504,1565,19087,120,10413,1538,2018
QUEENS,QUEENS,1748,1766,1813,1824,1830,1654,1410,1268,1624,1225,892,851,15817,61,4154,756,2018
RICHMOND,RICHMOND,214,198,238,218,201,183,130,136,170,196,163,136,1803,13,591,151,2018
NIAGARA,NIAGARA,37,40,31,28,34,32,27,27,20,42,34,43,372,39,47,0,2018
ONEIDA,ONEIDA,43,53,41,49,31,33,24,21,49,34,31,60,483,0,41,0,2018
ONONDAGA,ONONDAGA,183,178,204,163,191,135,147,161,219,148,119,147,1851,49,340,5,2018
ONTARIO,ONTARIO,35,27,32,36,24,31,25,19,14,19,20,19,271,67,9,0,2018
ORANGE,ORANGE,186,150,158,156,158,151,141,136,158,138,99,112,1482,274,217,11,2018
ORLEANS,ORLEANS,0,6,0,0,7,0,8,0,5,0,0,7,37,0,22,0,2018
OSWEGO,OSWEGO,62,66,64,69,51,34,46,47,48,59,72,82,692,54,50,0,2018
OTSEGO,OTSEGO,15,8,10,10,10,8,0,0,6,6,7,9,77,16,17,0,2018
PUTNAM,PUTNAM,11,6,6,8,8,6,9,0,6,10,5,7,50,15,23,0,2018
RENSSELAER,RENSSELAER,47,57,55,43,46,40,43,44,35,30,26,35,407,47,162,0,2018
ROCKLAND,ROCKLAND,42,47,59,49,52,69,62,76,135,80,65,76,784,34,58,0,2018
SAINT LAWRENCE,SAINT LAWRENCE,56,38,32,27,39,37,41,29,37,38,38,65,512,0,26,0,2018
SARATOGA,SARATOGA,36,43,30,36,43,43,30,36,37,38,42,46,420,63,35,5,2018
SCHENECTADY,SCHENECTADY,49,49,42,42,48,33,27,31,43,33,26,43,305,18,211,0,2018
SCHOHARIE,SCHOHARIE,0,6,0,5,0,6,6,6,0,0,0,10,30,29,18,0,2018
SCHUYLER,SCHUYLER,0,0,5,0,0,0,0,0,0,0,0,5,18,5,0,0,2018
SENECA,SENECA,11,11,10,6,11,12,7,5,6,10,9,15,103,10,12,0,2018
STEUBEN,STEUBEN,18,20,21,16,15,14,12,13,15,17,18,17,178,46,18,0,2018
SUFFOLK,SUFFOLK,352,333,380,349,375,397,350,352,391,390,343,473,3177,263,1588,18,2018
SULLIVAN,SULLIVAN,41,24,38,25,25,23,26,19,30,23,20,32,248,115,0,0,2018
TIOGA,TIOGA,0,0,0,0,0,0,0,0,0,0,0,0,21,6,8,0,2018
TOMPKINS,TOMPKINS,12,14,15,9,8,12,16,8,13,10,5,14,99,0,43,0,2018
ULSTER,ULSTER,36,59,44,42,40,40,41,45,45,36,43,38,333,149,94,0,2018
WARREN,WARREN,14,18,22,18,19,13,13,10,12,10,12,20,160,34,0,0,2018
WASHINGTON,WASHINGTON,20,12,15,24,21,15,14,12,16,10,17,21,193,27,8,0,2018
WAYNE,WAYNE,20,13,25,21,15,24,23,18,21,24,18,25,231,16,37,0,2018
WESTCHESTER,WESTCHESTER,205,236,206,195,197,186,191,185,199,201,191,184,1755,0,910,0,2018
WYOMING,WYOMING,5,0,0,0,0,0,0,0,0,0,0,0,33,0,0,0,2018
YATES,YATES,0,6,0,0,0,0,0,0,0,0,0,6,45,0,0,0,2018
ALBANY,ALBANY,91,84,69,83,77,84,66,54,81,76,57,70,760,0,215,0,2019
ALLEGANY,ALLEGANY,0,5,0,0,0,6,0,0,0,7,0,7,48,0,6,0,2019
BROOME,BROOME,49,64,50,65,48,52,47,38,49,43,44,76,509,69,122,0,2019
CATTARAUGUS,CATTARAUGUS,6,6,6,0,7,6,11,6,9,7,8,17,76,0,16,0,2019
CAYUGA,CAYUGA,17,10,15,14,11,7,10,7,13,10,7,12,75,41,40,0,2019
CHAUTAUQUA,CHAUTAUQUA,32,28,21,35,35,21,36,33,34,30,19,25,300,42,59,0,2019
CHEMUNG,CHEMUNG,10,9,5,0,10,9,9,9,7,7,0,12,84,10,9,0,2019
CHENANGO,CHENANGO,5,9,0,0,0,7,0,0,5,0,0,8,57,0,0,0,2019
CLINTON,CLINTON,19,21,13,18,13,12,11,19,17,10,11,11,144,24,27,0,2019
COLUMBIA,COLUMBIA,15,12,12,19,16,17,21,14,17,13,12,13,97,56,8,41,2019
CORTLAND,CORTLAND,8,6,5,0,5,0,5,0,5,0,0,5,26,0,22,0,2019
DELAWARE,DELAWARE,0,0,0,0,0,0,0,0,0,0,0,0,9,0,0,0,2019
DUTCHESS,DUTCHESS,53,66,67,53,49,40,61,43,68,53,67,68,483,0,191,0,2019
ERIE,ERIE,160,147,139,120,135,134,116,121,126,107,106,109,1413,0,274,0,2019
ESSEX,ESSEX,0,0,0,0,0,0,0,0,0,0,0,0,7,0,0,0,2019
FRANKLIN,FRANKLIN,13,13,9,14,11,11,8,13,10,5,10,15,114,0,38,0,2019
FULTON,FULTON,0,0,0,7,5,0,7,0,9,9,0,8,54,0,13,0,2019
GENESEE,GENESEE,11,12,15,11,11,8,8,7,6,5,0,7,84,40,8,0,2019
GREENE,GREENE,0,6,8,0,10,7,6,6,5,0,6,6,50,24,7,0,2019
HAMILTON,HAMILTON,0,0,0,0,0,0,0,0,0,0,0,0,0,0,0,0,2019
HERKIMER,HERKIMER,0,0,0,0,5,0,0,0,0,0,0,0,30,0,0,0,2019
JEFFERSON,JEFFERSON,20,17,20,16,18,16,18,17,17,14,17,11,202,19,7,0,2019
LEWIS,LEWIS,10,5,0,0,5,0,0,0,0,0,8,6,46,0,0,0,2019
LIVINGSTON,LIVINGSTON,13,9,17,11,9,10,6,6,11,8,8,6,95,0,18,0,2019
MADISON,MADISON,9,14,5,0,9,5,5,8,13,5,0,15,95,0,11,0,2019
MONROE,MONROE,267,242,237,208,219,234,162,183,185,155,120,174,2470,63,397,35,2019
MONTGOMERY,MONTGOMERY,31,21,29,22,25,25,13,13,20,12,10,28,231,36,11,0,2019
NASSAU,NASSAU,201,258,256,284,261,248,201,210,209,212,203,190,2235,0,492,0,2019
NEW YORK,NEW YORK,1462,1411,1424,1317,1358,1310,1282,1146,1978,1580,1212,1271,11941,85,6207,1416,2019
BRONX,BRONX,3165,3206,3242,3132,3106,3052,2818,2701,2721,2080,1605,1505,24047,65,12222,1574,2019
KINGS,KINGS,2270,2457,2566,2477,2413,2384,2231,1959,2285,1972,1552,1586,18946,123,9820,1396,2019
QUEENS,QUEENS,1539,1808,1745,1868,1775,1837,1560,1433,1698,1214,884,918,16473,60,3978,755,2019
RICHMOND,RICHMOND,167,184,193,205,200,190,160,143,213,162,157,157,1753,9,551,185,2019
NIAGARA,NIAGARA,48,35,45,40,33,43,33,26,38,26,43,41,397,41,59,0,2019
ONEIDA,ONEIDA,51,50,52,46,50,43,26,23,39,42,41,51,479,0,54,0,2019
ONONDAGA,ONONDAGA,178,176,162,190,149,167,164,146,244,147,119,127,1860,44,298,6,2019
ONTARIO,ONTARIO,32,37,33,23,38,20,32,25,15,17,11,38,297,53,9,0,2019
ORANGE,ORANGE,127,165,148,154,142,147,130,127,162,110,94,124,1425,224,187,9,2019
ORLEANS,ORLEANS,7,0,5,6,5,7,5,13,7,0,0,5,52,6,20,0,2019
OSWEGO,OSWEGO,68,60,62,59,62,45,36,42,57,42,60,97,655,0,76,0,2019
OTSEGO,OTSEGO,11,7,9,9,8,9,7,0,0,7,6,8,89,8,9,0,2019
PUTNAM,PUTNAM,5,11,0,6,7,7,6,7,5,5,7,0,44,13,25,0,2019
RENSSELAER,RENSSELAER,48,38,32,38,40,43,44,49,43,31,21,40,359,77,113,0,2019
ROCKLAND,ROCKLAND,51,55,58,70,67,59,85,74,227,106,61,72,1000,24,36,0,2019
SAINT LAWRENCE,SAINT LAWRENCE,44,48,28,27,30,33,39,32,25,36,29,64,443,5,46,7,2019
SARATOGA,SARATOGA,44,39,27,28,29,46,27,24,46,36,35,45,386,55,0,0,2019
SCHENECTADY,SCHENECTADY,39,42,32,45,33,37,40,28,33,25,24,33,281,0,182,0,2019
SCHOHARIE,SCHOHARIE,8,0,5,0,5,0,11,0,0,6,0,0,39,20,6,0,2019
SCHUYLER,SCHUYLER,0,0,0,0,0,0,0,0,0,0,0,0,7,5,0,0,2019
SENECA,SENECA,8,11,0,7,6,9,9,6,9,11,12,13,83,0,22,0,2019
STEUBEN,STEUBEN,27,15,32,23,26,22,20,7,17,12,13,38,224,52,0,0,2019
SUFFOLK,SUFFOLK,281,317,311,387,330,366,366,332,410,348,358,398,3080,224,1386,11,2019
SULLIVAN,SULLIVAN,40,39,29,25,23,27,25,22,27,20,11,22,281,74,15,0,2019
TIOGA,TIOGA,0,0,0,0,0,0,0,5,5,0,6,0,22,5,7,0,2019
TOMPKINS,TOMPKINS,11,17,13,11,12,14,14,15,14,13,10,15,119,0,48,0,2019
ULSTER,ULSTER,34,28,46,34,42,39,57,49,46,34,28,45,338,120,0,0,2019
WARREN,WARREN,16,11,13,16,10,16,10,9,12,13,11,14,137,30,0,0,2019
WASHINGTON,WASHINGTON,13,14,15,7,22,13,11,12,8,8,7,16,150,18,0,0,2019
WAYNE,WAYNE,28,17,21,19,19,19,21,25,22,16,19,24,244,15,30,0,2019
WESTCHESTER,WESTCHESTER,188,156,187,182,173,168,145,167,190,150,185,168,1492,0,822,0,2019
WYOMING,WYOMING,0,0,0,0,0,0,0,0,0,0,0,0,26,0,0,0,2019
YATES,YATES,5,0,0,0,5,8,0,0,8,0,0,7,40,5,6,0,2019
Albany,ALBANY,70,68,58,58,59,48,63,55,43,55,57,57,587,53,118,0,2020
Allegany,ALLEGANY,5,0,0,0,5,0,7,0,6,0,6,8,54,0,0,0,2020
Broome,BROOME,38,46,53,35,52,42,38,45,27,39,45,60,425,57,103,0,2020
Cattaraugus,CATTARAUGUS,6,6,0,10,0,6,0,7,7,10,8,20,84,5,11,0,2020
Cayuga,CAYUGA,14,13,10,14,13,8,8,8,7,8,7,11,67,48,24,0,2020
Chautauqua,CHAUTAUQUA,17,22,12,16,21,18,11,20,22,26,19,24,190,31,43,0,2020
Chemung,CHEMUNG,11,14,8,9,10,10,13,9,0,7,6,7,96,10,10,0,2020
Chenango,CHENANGO,6,7,8,7,0,7,5,0,7,0,5,8,74,0,0,0,2020
Clinton,CLINTON,14,16,20,13,8,15,5,12,16,17,9,17,147,20,11,0,2020
Columbia,COLUMBIA,9,7,12,10,10,12,15,13,14,9,11,13,70,38,15,28,2020
Cortland,CORTLAND,0,7,6,7,0,0,6,8,7,0,0,0,39,12,14,0,2020
Delaware,DELAWARE,0,0,0,0,0,0,0,0,0,0,0,0,14,0,6,0,2020
Dutchess,DUTCHESS,53,42,50,51,52,44,30,45,47,58,38,64,417,71,134,0,2020
Erie,ERIE,84,94,68,71,68,72,83,71,73,70,63,98,757,57,226,0,2020
Essex,ESSEX,0,0,0,0,0,0,0,0,0,0,0,0,16,0,0,0,2020
Franklin,FRANKLIN,16,8,16,9,12,6,10,0,11,0,0,15,98,5,25,0,2020
Fulton,FULTON,0,11,6,11,5,10,0,5,7,9,8,0,75,8,8,0,2020
Genesee,GENESEE,12,10,9,12,5,11,7,0,8,7,0,0,70,27,10,0,2020
Greene,GREENE,0,0,0,8,0,10,6,8,8,0,0,9,42,23,7,0,2020
Hamilton,HAMILTON,0,0,0,0,0,0,0,0,0,0,0,0,0,0,0,0,2020
Herkimer,HERKIMER,0,0,0,0,0,0,0,0,0,0,5,0,16,0,0,0,2020
Jefferson,JEFFERSON,24,22,12,35,20,24,22,15,19,22,11,21,217,22,28,0,2020
Lewis,LEWIS,0,0,0,5,0,0,0,0,0,0,0,5,28,0,0,0,2020
Livingston,LIVINGSTON,5,10,12,9,8,0,8,9,0,5,8,9,84,0,20,0,2020
Madison,MADISON,7,7,8,5,0,6,0,7,0,0,9,0,53,0,16,0,2020
Monroe,MONROE,115,144,132,114,141,112,116,94,145,116,94,130,1440,76,220,7,2020
Montgomery,MONTGOMERY,14,23,16,14,12,22,17,10,13,14,12,14,183,11,5,0,2020
Nassau,NASSAU,99,184,218,197,226,230,203,196,238,187,181,177,1753,245,477,0,2020
New York,NEW YORK,1253,1346,1298,1227,1204,1311,1184,1176,1844,1740,1300,1201,10980,89,5569,1478,2020
Bronx,BRONX,2692,2769,2772,2876,2752,2892,2653,2594,2420,2100,1635,1547,20989,62,11057,1402,2020
Kings,KINGS,1944,2034,2258,2320,2211,2182,2069,2011,2166,1953,1546,1627,17163,116,8675,1338,2020
Queens,QUEENS,1476,1478,1734,1654,1777,1692,1629,1474,1510,1233,890,915,15458,55,3543,744,2020
Richmond,RICHMOND,167,162,161,187,188,185,168,144,174,163,143,138,1577,7,469,199,2020
Niagara,NIAGARA,45,40,40,36,31,28,42,25,32,33,29,51,410,49,27,0,2020
Oneida,ONEIDA,37,37,36,38,35,27,26,24,26,31,35,53,362,15,68,0,2020
Onondaga,ONONDAGA,79,98,109,98,96,75,97,101,91,130,91,79,1116,43,122,0,2020
Ontario,ONTARIO,31,31,26,24,20,28,23,30,29,15,14,20,241,63,15,0,2020
Orange,ORANGE,132,120,138,117,150,112,137,102,127,110,57,102,1220,182,149,0,2020
Orleans,ORLEANS,8,0,6,8,0,5,6,10,9,0,6,0,58,14,8,0,2020
Oswego,OSWEGO,57,56,64,60,52,56,52,46,46,56,58,97,614,38,105,0,2020
Otsego,OTSEGO,8,7,0,8,9,0,10,0,0,0,0,6,54,7,17,0,2020
Putnam,PUTNAM,8,8,8,8,7,7,0,7,7,6,6,5,43,14,26,0,2020
Rensselaer,RENSSELAER,32,38,28,25,28,26,34,38,22,28,23,14,260,46,84,0,2020
Rockland,ROCKLAND,73,71,63,73,83,71,72,98,122,192,80,66,1073,22,37,0,2020
St. Lawrence,ST. LAWRENCE,29,37,40,25,23,22,37,24,26,20,27,54,340,21,54,5,2020
Saratoga,SARATOGA,40,40,33,31,30,21,38,26,29,43,36,43,367,63,23,0,2020
Schenectady,SCHENECTADY,28,29,34,25,19,20,32,32,29,27,19,34,219,45,103,0,2020
Schoharie,SCHOHARIE,0,0,5,6,0,0,0,5,0,0,0,6,42,0,6,0,2020
Schuyler,SCHUYLER,0,0,0,0,0,0,0,0,0,0,0,0,15,0,0,0,2020
Seneca,SENECA,6,6,12,0,10,8,8,0,14,11,11,12,99,5,10,0,2020
Steuben,STEUBEN,24,20,15,23,16,21,20,19,7,12,9,37,201,35,22,0,2020
Suffolk,SUFFOLK,259,266,249,271,297,299,304,294,337,320,311,396,2660,234,1059,10,2020
Sullivan,SULLIVAN,20,27,33,21,19,21,27,17,25,16,15,18,219,50,15,7,2020
Tioga,TIOGA,0,0,0,5,0,0,0,5,8,0,0,0,42,0,0,0,2020
Tompkins,TOMPKINS,21,8,12,17,11,6,12,11,15,13,10,15,132,0,28,0,2020
Ulster,ULSTER,38,38,35,43,34,48,38,55,40,37,33,40,353,101,74,0,2020
Warren,WARREN,12,17,8,20,11,15,22,13,11,14,7,16,168,10,0,0,2020
Washington,WASHINGTON,12,6,8,7,9,15,18,16,10,9,12,13,113,19,17,0,2020
Wayne,WAYNE,14,21,16,21,16,21,18,17,30,20,17,21,216,14,35,0,2020
Westchester,WESTCHESTER,148,164,123,143,153,144,120,133,170,165,131,152,1177,49,728,5,2020
Wyoming,WYOMING,5,0,5,0,0,0,0,0,0,0,0,0,25,6,0,0,2020
Yates,YATES,0,0,0,0,0,0,0,0,0,0,0,5,17,0,5,0,2020
ALBANY,ALBANY,69,89,94,65,65,64,72,61,88,49,66,66,607,159,182,5,2021
ALLEGANY,ALLEGANY,9,8,5,5,0,7,0,0,6,6,0,11,64,13,7,5,2021
BROOME,BROOME,41,43,53,45,43,45,39,48,42,31,46,62,430,97,97,0,2021
CATTARAUGUS,CATTARAUGUS,7,8,8,7,15,8,10,6,8,10,11,17,99,10,26,0,2021
CAYUGA,CAYUGA,15,17,13,10,8,11,6,6,18,10,7,10,92,42,23,0,2021
CHAUTAUQUA,CHAUTAUQUA,21,14,21,14,19,27,20,17,23,22,21,21,195,38,49,8,2021
CHEMUNG,CHEMUNG,12,12,14,12,6,15,0,9,12,0,0,7,97,28,0,0,2021
CHENANGO,CHENANGO,8,8,5,13,9,6,9,6,14,16,0,20,113,10,6,0,2021
CLINTON,CLINTON,23,17,18,19,13,12,14,10,10,10,9,9,124,32,23,0,2021
COLUMBIA,COLUMBIA,15,9,9,16,8,11,11,10,18,9,5,5,78,25,15,17,2021
CORTLAND,CORTLAND,0,6,5,6,0,5,0,5,5,6,0,0,40,11,11,0,2021
DELAWARE,DELAWARE,0,0,0,0,0,0,0,0,0,0,0,6,12,5,0,0,2021
DUTCHESS,DUTCHESS,45,58,43,54,55,63,55,45,64,55,62,57,458,106,175,0,2021
ERIE,ERIE,157,155,143,124,109,114,132,140,166,127,104,112,1343,170,313,0,2021
ESSEX,ESSEX,0,0,0,0,0,0,0,0,0,0,0,0,16,0,0,0,2021
FRANKLIN,FRANKLIN,17,13,10,15,10,10,9,11,7,8,0,6,109,12,20,0,2021
FULTON,FULTON,8,8,5,9,12,10,10,6,6,10,7,7,87,15,7,0,2021
GENESEE,GENESEE,13,18,13,12,9,11,12,9,10,7,8,6,99,41,10,0,2021
GREENE,GREENE,7,5,0,5,7,0,7,9,6,7,0,0,52,14,0,0,2021
HERKIMER,HERKIMER,0,5,0,0,0,0,0,0,0,0,0,5,30,7,0,0,2021
JEFFERSON,JEFFERSON,25,15,24,21,34,18,26,29,13,18,20,25,248,23,33,0,2021
LEWIS,LEWIS,0,0,0,0,6,0,0,0,0,0,0,0,34,0,0,0,2021
LIVINGSTON,LIVINGSTON,8,8,8,8,8,0,0,6,10,7,9,12,89,9,16,0,2021
MADISON,MADISON,13,10,5,9,0,5,8,0,12,0,6,6,71,0,24,0,2021
MONROE,MONROE,212,159,178,182,169,156,156,137,162,146,121,141,1792,164,342,0,2021
MONTGOMERY,MONTGOMERY,14,14,18,14,20,17,16,19,16,13,15,17,180,36,0,0,2021
NASSAU,NASSAU,77,120,157,195,192,228,215,206,211,197,164,159,1650,194,455,0,2021
NEW YORK,NEW YORK,1039,1204,1208,1215,1205,1134,1300,1181,2054,1637,1465,1254,11074,82,5391,1488,2021
BRONX,BRONX,2294,2530,2683,2700,2778,2693,2622,2601,2526,1934,1665,1609,20719,82,10796,1500,2021
KINGS,KINGS,1926,2030,2120,2355,2382,2205,2109,2105,2334,1940,1600,1663,17927,113,9039,1427,2021
QUEENS,QUEENS,1619,1711,1706,1909,1910,1832,1682,1770,1752,1315,989,957,17759,69,3552,861,2021
RICHMOND,RICHMOND,147,172,171,166,209,202,195,183,203,152,168,118,1701,12,490,210,2021
NIAGARA,NIAGARA,49,57,56,41,43,42,35,42,44,42,38,51,509,60,48,7,2021
ONEIDA,ONEIDA,27,48,33,35,40,39,24,37,40,27,28,52,376,56,46,0,2021
ONONDAGA,ONONDAGA,151,151,144,160,158,144,130,155,172,127,136,169,1696,89,234,5,2021
ONTARIO,ONTARIO,28,33,28,21,25,25,26,26,25,26,15,11,245,67,22,0,2021
ORANGE,ORANGE,103,122,110,142,124,144,116,139,135,114,99,82,1246,141,204,12,2021
ORLEANS,ORLEANS,0,5,5,7,9,10,10,10,10,0,7,8,61,26,6,0,2021
OSWEGO,OSWEGO,49,56,48,73,60,53,74,60,64,80,76,101,701,54,120,0,2021
OTSEGO,OTSEGO,5,5,0,0,0,5,0,0,0,0,0,0,20,6,12,0,2021
PUTNAM,PUTNAM,5,7,7,0,7,0,0,0,0,8,0,7,36,7,21,0,2021
RENSSELAER,RENSSELAER,37,42,46,32,24,38,37,50,26,36,26,28,307,88,80,6,2021
ROCKLAND,ROCKLAND,77,83,97,84,80,93,83,72,310,127,130,97,1365,37,31,0,2021
SAINT LAWRENCE,SAINT LAWRENCE,31,27,32,36,22,28,31,37,27,29,25,41,396,7,29,8,2021
SARATOGA,SARATOGA,32,36,36,34,32,23,38,36,37,33,24,45,353,67,33,0,2021
SCHENECTADY,SCHENECTADY,37,43,38,31,41,32,28,43,50,38,21,48,290,59,154,0,2021
SCHOHARIE,SCHOHARIE,6,5,5,7,5,0,0,0,5,0,0,7,40,12,12,0,2021
SCHUYLER,SCHUYLER,0,0,0,0,0,0,0,0,0,0,0,0,15,0,0,0,2021
SENECA,SENECA,10,11,11,12,14,13,10,9,7,15,15,9,114,16,14,0,2021
STEUBEN,STEUBEN,22,21,23,17,18,14,19,21,26,14,23,27,206,54,24,0,2021
SUFFOLK,SUFFOLK,218,242,253,253,257,291,268,297,326,286,292,356,2388,239,1112,22,2021
SULLIVAN,SULLIVAN,18,29,33,35,19,28,30,17,30,15,22,27,257,60,27,8,2021
TIOGA,TIOGA,6,7,0,0,8,5,0,5,13,7,0,8,64,14,0,0,2021
TOMPKINS,TOMPKINS,16,16,22,23,19,13,17,13,19,9,8,24,128,25,73,0,2021
ULSTER,ULSTER,45,44,32,41,42,36,54,50,56,39,54,35,398,119,67,11,2021
WARREN,WARREN,31,11,13,20,24,25,26,15,29,13,17,14,212,41,7,7,2021
WASHINGTON,WASHINGTON,12,12,9,12,9,16,15,13,12,14,14,22,149,16,9,0,2021
WAYNE,WAYNE,14,20,25,18,20,25,21,22,36,21,13,28,245,23,37,0,2021
WESTCHESTER,WESTCHESTER,164,163,166,138,162,151,161,131,206,156,163,143,1357,102,688,0,2021
WYOMING,WYOMING,0,0,0,0,0,0,0,0,0,0,0,0,15,0,7,0,2021
YATES,YATES,0,0,0,0,0,0,0,0,0,7,0,0,24,0,10,0,2021
